,,,,,,,,,,
,,,,,,,,,,
,,,,,,,,,,
,,,,,,,,,,
,,,,,,,,,,
,,,,,,,,,,
,,,,,,,,,,
,,,,,,,,,,
,,,,,,,,,,
,,,,,,,,,,
,,,,,,,,,,
,,,,,,,,,,
,,,,,,,,,,
,,,,,,,,,,
,,,,,,,,,,
,,,,,,,,,,
,,,,,,,,,,
,,,,,,,,,,
,,,,,,,,,,
,,,,,,,,,,
,,,,,,,,,,
,,,,,,,,,,
,,,,,,,,,,
,,,,,,,,,,
,,,,,,,,,,
,,,,,,,,,,
,,,,,,,,,,
,,,,,,,,,,
,,,,,,,,,,
,,,,,,,,,,
,,,,,,,,,,
,,,,,,,,,,
,,,,,,,,,,
,,,,,,,,,,
Complete Availability,,,,,,,,,,
"WEEK OF MAY 4, 2026",,,,,,,,,,
,,,,,,,,,,
QTY,Plant Name,Size,Price 1,Price 2,Avail,Next Date,Ratings,,,
,Achillea Tutti Frutti™ 'Pomegranate',#1,6.29,7.38,99,,Retail Foliage,7767,,
,Achillea m. 'Sassy Summer Sunset',#1,6.29,7.38,112,,Leafing Out,11882,,
,Achillea m. 'Strawberry Seduction',#1,6.29,7.38,79,,Leafing Out,7766,,
,Achillea Tutti Frutti™ 'Apricot Delight',#1,6.29,7.38,18,,Retail Foliage,11880,,
,Achillea millefolium LE,TRAY 50,77.50,77.50,7,Jun 15,Ready,12302,,
X,Aconitum fischeri,#1,7.59,9.00,0,May 18,,11187,,
X,Aconitum napellus,#1,7.59,9.00,0,May 18,,7402,,
,Actaea 'Chocoholic',TRGA,10.50,12.53,1510,,Retail Foliage,15,,
,Actaea simplex 'James Compton',TRGA,11.65,13.83,372,Jun 29,Leafing Out,8402,,
,Actaea simplex 'Black Negligee',#1,10.87,12.95,11,Jun 15,Retail Foliage,9287,,
,Actaea simplex 'Brunette',TRGA,10.50,12.53,47,Jun 29,Leafing Out,17,,
X,Actaea simplex 'Hillside Black Beauty',TRGA,10.50,12.53,0,Jun 29,,18,,
,Actaea simplex 'Pink Spike',TRGA,10.50,12.53,188,,Leafing Out,9581,,
,Actaea 'Queen of Sheba',TRGA,11.65,13.83,467,Jun 29,Emerging,12148,,
,Actaea japonica 'Cheju-do ',#1,8.68,10.30,104,Jun 15,Leafing Out,11161,,
X,Agastache 'Blue Boa',TRGA,8.32,9.93,0,May 25,,9402,,
,Agastache 'Blue Fortune',#1,6.29,7.38,4,,Retail Foliage,10472,,
,Agastache rugosa 'Little Adder',#1,6.29,7.38,16,Jun 1,Fair Foliage,11114,,
X,Agastache 'Peach Pearl',#1,6.29,7.38,0,May 25,,12331,,
,Agastache 'Rosie Posie',#1,6.29,7.38,6,May 25,Leafing Out,10871,,
X,Ageratina altissima LE,#1,7.59,9.00,0,Jun 8,,11534,,
X,Ageratina altissima 'Chocolate',TRGA,8.32,9.93,0,May 25,,258,,
,Ageratina altissima LE,TRAY 50,85.00,85.00,11,Jun 29,Ready,12139,,
,Ajuga reptans 'Black Scallop',1QT,4.11,4.84,39,May 25,Retail Foliage,5268,,
,Ajuga reptans 'Burgundy Glow',1QT,4.11,4.84,208,May 18,Retail Foliage,26,,
,Ajuga reptans 'Chocolate Chip’,1QT,4.11,4.84,13,May 18,Retail Foliage,25,,
,Ajuga reptans 'Mahogany',1QT,4.11,4.84,282,May 18,Retail Foliage,9448,,
X,Ajuga tenorii 'Princess Nadia',1QT,4.11,4.84,0,May 18,,12156,,
,Alcea rosea 'Blacknight',#1,7.59,9.00,203,,Retail Foliage,7838,,
,Alcea ficifolia 'Las Vegas',#1,7.59,9.00,136,,Retail Foliage,12015,,
,Alchemilla mollis,#1,6.29,7.38,187,,Retail Foliage,11729,,
,Allium 'Ambassador',2GA,16.22,19.29,149,,Retail Foliage,11855,,
,Allium 'Globemaster',TRGA,10.50,12.53,366,,Budded,34,,
X,Allium 'Lavender Bubbles',2QT,7.44,8.79,0,Jun 1,,11811,,
,Allium 'Millenium',2QT,7.44,8.79,465,Jun 1,Leafing Out,9391,,
X,Allium 'New Moon',2QT,7.44,8.79,0,Jun 1,,12348,,
,Allium cernuum,2QT,7.44,8.79,149,,Retail Foliage,10395,,
,Allium senescens 'Glaucum',2QT,8.48,10.04,326,,Retail Foliage,35,,
,Allium 'Summer Beauty',2QT,7.44,8.79,108,May 25,Retail Foliage,6551,,
,Amsonia 'Blue Ice',#1,7.59,9.00,2053,,Leafing Out,10392,,
,Amsonia 'Starstruck',#1,7.59,9.00,292,Jun 1,Leafing Out,10759,,
,Amsonia hubrichtii,#1,7.59,9.00,3257,Jun 1,Leafing Out,10314,,
,Anaphalis margaritacea LE,TRAY 50,90.00,90.00,16,,Ready,12345,,
,Anemone Harlequin™ 'Cameo',#1,7.59,9.00,400,,Emerging,12166,,
,Anemone × hybrida 'Honorine Jobert',#1,7.59,9.00,648,May 18,Emerging,7404,,
,Anemone × hybrida 'Pamina',#1,7.59,9.00,362,,Retail Foliage,7407,,
,Anemone hupehensis 'Pink Saucer',#1,6.29,7.38,72,May 18,Leafing Out,7405,,
,Anemone × hybrida 'Whirlwind',#1,7.59,9.00,361,,Small Looks Good,7409,,
,Anemone multifida 'Annabella Deep Pink',2QT,6.08,7.12,326,,Leafing Out,43,,
,Anemone multifida 'Annabella White',2QT,6.08,7.12,416,,Leafing Out,44,,
,Anemone sylvestris,2QT,7.44,8.79,14,,Bud & Bloom,7824,,
,Anemone tomentosa 'Robustissima',#1,7.59,9.00,339,,Small Looks Good,7408,,
X,Angelica atropurpurea,#1,6.29,7.38,0,Jun 8,,10516,,
,Angelica gigas,TRGA,7.28,8.68,28,,Leafing Out,50,,
,Anthemis tinctoria,#1,6.29,7.38,86,,Retail Foliage,12238,,
,Anthemis tinctoria Kelwayi,#1,6.29,7.38,17,,Retail Foliage,12241,,
,Aquilegia 'Dove',2QT,7.44,8.79,17,,Retail Foliage,9389,,
,Aquilegia alpina,2QT,6.08,7.12,11,,Retail Foliage,51,,
,Aquilegia buegeriana 'Calimero',2QT,7.44,8.79,180,,Retail Foliage,10763,,
,"Aquilegia can. ""Corbett'",2QT,7.44,8.79,70,,Bud & Bloom,8899,,
X,Aquilegia canadensis LE,TRAY 50,90.00,90.00,0,Jun 1,,12129,,
,Arabis × sturii,1QT,5.04,5.93,62,,Budded,12018,,
,Aralia cordata 'Sun King',TRGA,10.50,12.53,171,,Emerging,6523,,
X,Aralia racemosa LE,#1,7.59,9.00,0,May 18,,11736,,
X,Aralia racemosa LE,TRAY 50,85.00,85.00,0,Jun 1,,12357,,
,Artemisia 'Garden Ghost',#1,6.29,7.38,149,,Leafing Out,11863,,
,Artemisia schmidtiana 'Silver Mound',#1,6.29,7.38,404,,Retail Foliage,8302,,
,Artemisia stelleriana 'Boughton Silver',#1,6.29,7.38,369,,Retail Foliage,10474,,
,Aruncus aethusifolius,2QT,6.08,7.12,204,,Leafing Out,70,,
X,Aruncus diocus,#1,7.59,9.00,0,May 11,,7410,,
,Aruncus dioicus 'Kneiffii',#1,8.68,10.30,38,Jun 1,Emerging,8255,,
X,Asarum canadense,1QT,6.03,7.23,0,Jun 22,,74,,
X,Asarum europaeum,1QT,7.18,8.63,0,May 30,,7297,,
,Asclepias incarnata 'Ice Ballet',#1,7.59,9.00,469,,Emerging,7768,,
X,Asclepias incarnata LE,#1,7.59,9.00,0,Jun 1,,11926,,
X,Asclepias incarnata LE,TRAY 50,85.00,85.00,0,May 18,,12306,,
,Asclepias syriaca LE,#1,7.59,9.00,74,,Emerging,11922,,
X,Asclepias syriaca LE,TRAY 50,85.00,85.00,0,Jun 15,,12307,,
,Asclepias tuberosa 'Hello Yellow',#1,7.59,9.00,458,,Emerging,11461,,
,Aster ageratoides 'Ezo Murasaki',#1,7.59,9.00,221,,Leafing Out,10325,,
,Aster alpinus 'Happy End',2QT,6.08,7.12,357,,Retail Foliage,9403,,
,Aster cordifolius 'Avondale',#1,7.59,9.00,2,,Retail Foliage,9499,,
,Aster macrophyllus,#1,7.59,9.00,135,,Retail Foliage,10820,,
,Aster tataricus 'Jindai',TRGA,7.28,8.68,142,,Retail Foliage,6979,,
,Astilbe 'August Light',#1,7.59,9.00,15,Jun 1,Emerging,9490,,
,Astilbe ×arendsii 'Bressingham Beauty',#1,6.29,7.38,41,Jun 1,Leafing Out,7411,,
,Astilbe ×arendsii 'Bridal Veil',#1,6.29,7.38,117,Jun 1,Leafing Out,7412,,
,Astilbe ×arendsii 'Chocolate Shogun',#1,8.68,10.30,228,Jun 1,Leafing Out,10094,,
X,Astilbe 'Delft Lace',#1,7.59,9.00,0,Jun 1,,7419,,
,Astilbe 'Deutschland',#1,7.59,9.00,704,Jun 1,Leafing Out,7418,,
,Astilbe ×arendsii 'Fanal',#1,6.29,7.38,1219,Jun 1,Leafing Out,7421,,
,Astilbe 'Hennie Graafland',#1,6.29,7.38,979,Jun 1,Leafing Out,7422,,
,Astilbe 'Ostrich Plume',#1,6.29,7.38,56,Jun 1,Leafing Out,7423,,
,Astilbe 'Peach Blossom',#1,7.59,9.00,131,Jun 1,Leafing Out,7424,,
X,Astilbe 'Prof. van der Wielen',#1,6.29,7.38,0,Jun 1,,7567,,
,Astilbe 'Red Sentinel',#1,6.29,7.38,952,Jun 1,Leafing Out,7425,,
,Astilbe 'Snowdrift',#1,6.29,7.38,431,Jun 1,Retail Foliage,8306,,
,Astilbe Younique™ 'Cerise',#1,7.59,9.00,960,,Retail Foliage,9037,,
,Astilbe Younique™ 'Silvery Pink',#1,7.59,9.00,160,Jun 1,Leafing Out,7426,,
,Astilbe ×arendsii 'Color Flash®',#1,7.59,9.00,103,Jun 1,Leafing Out,7427,,
,Astilbe biternata,#1,8.68,10.30,301,,Emerging,9999,,
X,Astilbe chinensis 'Milk and Honey',#1,7.59,9.00,0,Jun 1,,7413,,
,Astilbe chinensis 'Pumila',#1,8.68,10.30,1066,Jun 1,Leafing Out,7415,,
,Astilbe chinensis 'Purple Candle',#1,7.59,9.00,366,Jun 1,Leafing Out,7414,,
,Astilbe 'Vision in Pink',#1,7.59,9.00,842,Jun 1,Retail Foliage,7416,,
,Astilbe 'Vision in Red',#1,7.59,9.00,1503,Jun 1,Leafing Out,7417,,
X,Astilbe 'Vision in White',#1,6.29,7.38,0,Jun 1,,11699,,
X,Astilbe 'Vision in White Delight',#1,7.59,9.00,0,Jun 1,,12354,,
,Astilbe soft pink,#1,6.29,7.38,32,,Retail Foliage,12003,,
X,Astilboides tabularis,TRGA,9.36,11.18,0,Jun 15,,113,,
X,Astrantia major 'Roma',#1,8.68,10.30,0,Jun 1,,8361,,
X,Astrantia major 'Snow Star',#1,8.68,10.30,0,Jun 1,,11865,,
X,Astrantia major 'Star of Beauty',#1,8.68,10.30,0,May 18,,11196,,
,Astrantia major 'Star of Love',#1,8.68,10.30,40,Jun 1,Leafing Out,11867,,
,Aurinia saxatilis 'Compacta',2QT,6.08,7.12,266,,Bud & Bloom,119,,
X,Baptisia  'American Goldfinch',TRGA,10.50,12.53,0,Jun 1,,11623,,
,Baptisia 'Honey Roasted',TRGA,10.50,12.53,106,Jun 1,Emerging,11459,,
,Baptisia 'Purple Smoke',#1,7.59,9.00,629,,Emerging,8796,,
,Baptisia Prairieblues™ 'Twilite',#1,8.68,10.30,304,May 18,Leafing Out,10755,,
,Baptisia australis,#1,7.59,9.00,293,,Leafing Out,8779,,
,Baptisia australis,TRGA,8.32,9.93,26,Jun 1,Emerging,122,,
,Bergenia Dragonfly™ 'Sakura',#1,7.59,9.00,446,,Blooming,9679,,
,Bergenia cord. 'Winterglut',#1,6.29,7.38,180,,Blooming,10771,,
,Boltonia asteroides 'Snowbank',TRGA,7.28,8.68,203,,Leafing Out,129,,
,Brunnera macrophylla 'Jack Frost',#1,8.68,10.30,736,,Retail Foliage,10280,,
,Brunnera macrophylla 'Sea Heart',#1,8.68,10.30,322,,Retail Foliage,11118,,
,Brunnera macrophylla,#1,7.59,9.00,826,,Bud & Bloom,11730,,
X,Callirhoe involucrata,2QT,7.44,8.79,0,May 18,,134,,
,Caltha palustris,2QT,7.44,8.79,1202,,Blooming,6981,,
,Camassia leichtlinii 'Blue Danube',TRGA,9.36,11.18,81,,Retail Foliage,10660,,
,Campanula 'Birch Hybrid',2QT,6.08,7.12,529,,Retail Foliage,142,,
,Campanula 'Pink Octopus',#1,7.59,9.00,174,,Retail Foliage,9503,,
,Campanula carpatica 'Rapido Blue',2QT,6.08,7.12,214,,Retail Foliage,9220,,
,Campanula carpatica 'White Pearl',2QT,6.08,7.12,351,,Retail Foliage,137,,
,Campanula persicifolia 'Telham Beauty',#1,6.29,7.38,241,,Retail Foliage,10022,,
,Campanula 'Camgood' (Blue Waterfall),2QT,7.44,8.79,270,,Retail Foliage,886,,
,Campanula rotundifolia 'Olympica',2QT,7.44,8.79,271,,Retail Foliage,146,,
,Campanula  'Elizabeth',#1,6.29,7.38,133,,Retail Foliage,9132,,
,Centaurea atropurpurea,#1,6.29,7.38,160,,Retail Foliage,12229,,
,Centaurea atropurpurea,TRGA,7.28,8.68,13,,Retail Foliage,11969,,
,Centaurea montana,TRGA,7.28,8.68,18,,Retail Foliage,953,,
,Centaurea orientalis,#1,6.29,7.38,125,,Retail Foliage,12230,,
,Centaurea orientalis,TRGA,7.28,8.68,53,,Retail Foliage,11972,,
,Centranthus ruber 'Coccineus',#1,6.29,7.38,207,,Retail Foliage,9001,,
,Cerastium tomentosum,2QT,6.08,7.12,261,,Bud & Bloom,155,,
,Ceratostigma plumbaginoides,2QT,7.44,8.79,260,May 11,Emerging,154,,
,Chamerion angustifolium LE,TRAY 50,85.00,85.00,7,Jul 6,Ready,12358,,
,Chelone lyonii 'Hot Lips',#1,6.29,7.38,180,,Leafing Out,7430,,
,Chrysanthemum 'Sheffield',#1,6.29,7.38,51,,Retail Foliage,8783,,
X,Chrysanthemum weyrichii 'White Bomb',#1,6.29,7.38,0,May 11,,8785,,
X,Chrysogonum virginianum 'Superstar',2QT,7.44,8.79,0,May 11,,8008,,
,Clematis integrifolia Mongolian Bells®,#1,6.29,7.38,408,,Retail Foliage,8828,,
,Clematis virginiana LE,#1,7.59,9.00,165,,Leafing Out,11558,,
X,Comptonia peregrina,2QT,8.48,10.04,0,Jun 15,,169,,
,Convallaria majalis,1QT,4.11,4.84,4718,Jul 1,Emerging,170,,
,Convallaria majalis 'Prolificans',1QT,5.04,5.93,2956,,Emerging,12153,,
,Convallaria majalis 'Rosea',1QT,6.03,7.23,1002,,Emerging,171,,
,Coreopsis 'Crème Brulee',#1,6.29,7.38,69,May 18,Leafing Out,9933,,
,Coreopsis 'Gilded Lace',#1,7.59,9.00,325,,Leafing Out,10470,,
,Coreopsis 'Jethro Tull',#1,6.29,7.38,227,,Budded,9932,,
,Coreopsis PermaThread™ 'Red Satin',#1,7.59,9.00,2,May 11,Leafing Out,11107,,
X,Coreopsis auriculata 'Nana',2QT,6.08,7.12,0,May 18,,173,,
,Coreopsis tripteris 'Gold Standard',#1,8.68,10.30,165,,Leafing Out,10103,,
,Coreopsis verticillata 'Zagreb',#1,6.29,7.38,83,Jun 1,Small Looks Good,9505,,
,Corydalis 'Blue Heron',2QT,8.48,10.04,244,,Retail Foliage,10510,,
X,Corydalis lutea,2QT,7.44,8.79,0,May 25,,185,,
,Corydalis 'Beth Evans',2QT,7.44,8.79,355,,Retail Foliage,11702,,
,Crambe maritima,#1,7.59,9.00,275,,Leafing Out,11044,,
,Dalea purpurea,2QT,7.44,8.79,165,,Emerging,8061,,
,Darmera peltata,TRGA,9.36,11.18,80,Jun 1,Emerging,188,,
,Delphinium 'Dark Blue',#1,7.59,9.00,118,,Retail Foliage,10061,,
,Delphinium 'Lilac Pink',#1,7.59,9.00,264,,Retail Foliage,9685,,
,Delphinium 'Pure White',#1,7.59,9.00,141,,Retail Foliage,9684,,
,Delphinium 'Sky Blue',#1,7.59,9.00,22,,Retail Foliage,10063,,
,Delphinium exaltatum,2QT,7.44,8.79,103,,Retail Foliage,196,,
,Delphinium grand. 'Blue Mirror',#1,6.29,7.38,157,,Budded,7438,,
X,Dianthus American Pie® Key Lime Pie,2QT,6.08,7.12,0,May 11,,11167,,
,Dianthus Scent First ® 'Coconut Surprise',2QT,6.08,7.12,226,May 18,Leafing Out,202,,
X,Dianthus FIRESTAR 'Devon Xera',2QT,6.08,7.12,0,May 11,,7929,,
,Dianthus EverBloom™ 'Watermelon Ice',2QT,6.08,7.12,203,,"Blooming, Small Tops",11193,,
,Dianthus Vivid™ 'Bright Light',2QT,6.08,7.12,103,May 25,Leafing Out,11141,,
,Dianthus carthusianorum,2QT,6.08,7.12,4,May 18,Retail Foliage,11957,,
,Dianthus cruentus,2QT,6.08,7.12,81,May 25,Budded,11960,,
,Dianthus 'Mountain Mist',2QT,6.08,7.12,146,May 18,Retail Foliage,204,,
,Dianthus petraeus,2QT,6.08,7.12,53,,Budded,11963,,
,Dianthus superbus,2QT,6.08,7.12,154,May 18,Retail Foliage,11966,,
X,Dicentra Amore™ 'Titanium',#1,8.68,10.30,0,May 18,,11634,,
,Dicentra formosa 'Bacchanal',#1,8.68,10.30,177,May 18,Leafing Out,12029,,
,Dicentra formosa 'Luxuriant',#1,7.59,9.00,314,Jun 1,Blooming,7446,,
,Dicentra spectabilis 'Alba',TRGA,8.32,9.93,434,,Leafing Out,215,,
,Dicentra spectabilis,TRGA,8.32,9.93,795,,Leafing Out,217,,
,Dicentra spectabilis 'Valentine ®',TRGA,9.36,11.18,310,,Leafing Out,7085,,
,Dicentra spectabilis 'Yellow Leaf',TRGA,7.28,8.68,228,Jun 1,Retail Foliage,9246,,
X,Digitalis ferruginea,#1,6.29,7.38,0,May 18,,11073,,
,Digitalis grandiflora 'Carillon',#1,6.29,7.38,170,,Retail Foliage,10289,,
,Digitalis purpurea 'Excelsior Hybrids',#1,6.29,7.38,79,,Budded,7771,,
,Digitalis purpurea 'Snow Thimble',#1,6.29,7.38,77,,Retail Foliage,11070,,
,Digitalis thapsi 'Spanish Peaks',#1,6.29,7.38,116,,Retail Foliage,8341,,
,Disporum flavens,#1,8.68,10.30,29,,Emerging,8803,,
,Dodecatheon meadia,1QT,6.03,7.23,735,,Budded,226,,
,Doellingeria umbellata LE,#1,7.59,9.00,7,Jun 8,Retail Foliage,11317,,
X,Doellingeria umbellata LE,TRAY 50,77.50,77.50,0,May 25,,12133,,
,Dracocephalum argunense 'Fuji Blue',#1,6.29,7.38,269,,Retail Foliage,10756,,
X,Echinacea Butterfly™ 'Rainbow Marcella',#1,8.68,10.30,0,Jun 1,,12002,,
X,Echinacea FRESCO™ Apricot,#1,8.68,10.30,0,Jun 1,,12109,,
X,Echinacea p. 'Flame Thrower',#1,8.68,10.30,0,Jun 1,,11441,,
X,Echinacea KISMET® Red,#1,8.68,10.30,0,Jun 1,,10399,,
X,Echinacea KISMET® Yellow,#1,8.68,10.30,0,Jun 1,,10400,,
X,Echinacea p. 'Green Twister',#1,6.29,7.38,0,Jun 1,,10056,,
X,Echinacea Sombrero™ 'Hot Coral',#1,7.59,9.00,0,Jun 1,,8807,,
X,Echinacea Cone-Fections™ Hot Papaya',#1,7.59,9.00,0,Jun 1,,8820,,
X,Echinacea p. 'Magnus',#1,6.29,7.38,0,Jun 1,,10290,,
X,Echinacea p. 'Pica Bella',#1,7.59,9.00,0,Jun 1,,8977,,
X,Echinacea p. PowWow® 'White',#1,6.29,7.38,0,Jun 1,,11732,,
X,Echinacea p. PowWow ® 'Wild Berry',#1,6.29,7.38,0,Jun 1,,11731,,
,Echinacea p. 'Ruby Star',#1,6.29,7.38,534,,Leafing Out,10291,,
X,Echinacea p. 'White Swan',#1,6.29,7.38,0,Jun 1,,10292,,
,Echinops niveus 'Arctic Glow',#1,6.29,7.38,164,,Retail Foliage,11975,,
,Echinops ritro,#1,6.29,7.38,41,,Retail Foliage,7447,,
,Epimedium 'Amber Queen',2QT,9.62,11.39,114,Jul 27,Emerging,12033,,
,Epimedium 'Sunny and Share',2QT,8.48,10.04,69,Jul 27,Emerging,11591,,
,Epimedium grandiflorum 'Lilafee',2QT,9.62,11.39,44,Jul 27,Leafing Out,9728,,
,Epimedium grandiflorum 'Pretty in Pink',2QT,9.62,11.39,46,Jul 27,Fair Foliage,12037,,
,Epimedium grandiflorum 'Yubae',2QT,8.48,10.04,182,Jul 27,Emerging,12031,,
,Epimedium 'Bandit',1QT,8.32,9.93,185,Jul 27,Emerging,241,,
,Epimedium 'Frohnleiten',2QT,8.48,10.04,836,,Emerging,11589,,
,Epimedium ×versicolor 'Sulphureum',2QT,8.48,10.04,1674,,Emerging,7245,,
,Epimedium 'Ellen Willmot',2QT,10.66,12.58,84,,Emerging,9731,,
X,Epimedium x omeiense 'Rigoletto' ('Akane'),2QT,8.48,10.04,0,Jul 27,,12035,,
,Epimedium x rubrum,2QT,8.48,10.04,2575,,Budded,7242,,
X,Epimedium x youngianum 'Niveum',1QT,6.03,7.23,0,Jul 27,,252,,
,Epimedium x youngianum 'Roseum',1QT,6.03,7.23,231,Jul 27,Emerging,253,,
,Erigeron p. v. p. 'Lynnhaven Carpet',#1,7.59,9.00,3,,Retail Foliage,8965,,
,Eryngium × zabelii 'Big Blue',#1,8.68,10.30,144,,Retail Foliage,7448,,
,Eryngium p. 'Blue Glitter',#1,6.29,7.38,95,,Leafing Out,9323,,
,Eryngium planum Blue Hobbit,2QT,6.08,7.12,26,,Leafing Out,12211,,
,Euonymus fortunei 'Kewensis',1QT,5.04,5.93,612,,Leafing Out,8025,,
,Eupatorium perfoliatum LE,#1,7.59,9.00,19,,Retail Foliage,11521,,
,Eupatorium perfoliatum LE,TRAY 50,85.00,85.00,10,May 11,Ready,12174,,
X,Euphorbia polychroma 'Bonfire',#1,8.68,10.30,0,May 11,,8252,,
X,Euphorbia polychroma,#1,6.29,7.38,0,May 18,,7450,,
,Euphorbia × martinii 'Ascot Rainbow',#1,8.68,10.30,168,,Retail Foliage,10264,,
X,Eurybia divaricata LE,TRAY 50,77.50,77.50,0,Jun 29,,12303,,
,Eurybia macrophylla LE,#1,7.59,9.00,67,,Retail Foliage,11746,,
,Eurybia macrophylla LE,TRAY 50,77.50,77.50,31,Jun 29,Ready,12171,,
,Eurybia x herveyi 'Twilight',#1,6.29,7.38,144,,Retail Foliage,11946,,
,Euthamia graminifolia LE,#1,7.59,9.00,149,,Leafing Out,11546,,
,Euthamia graminifolia LE,TRAY 50,77.50,77.50,25,Jun 29,READY,12141,,
X,Eutrochium dubium LE,#1,7.59,9.00,0,Jun 8,,11566,,
,Eutrochium dubium LE,TRAY 50,85.00,85.00,5,Jun 1,Ready,12173,,
,Eutrochium fortunei 'Pink Frost',TRGA,8.32,9.93,55,,Emerging,9971,,
X,Eutrochium maculatum LE,#1,7.59,9.00,0,Jun 8,,11562,,
X,Eutrochium maculatum 'Gateway',TRGA,8.32,9.93,0,Jun 1,,257,,
X,Eutrochium maculatum LE,TRAY 50,85.00,85.00,0,May 11,,12134,,
,FERNS,,,,,,,,,
,Adiantum pedatum,2QT,7.44,8.79,2730,,Leafing Out,264,,
,Adiantum venustum,2QT,7.44,8.79,344,,Retail Foliage,265,,
,Asplenium trichomanes,2QT,7.44,8.79,16,,Retail Foliage,11948,,
,Athyrium × 'Ghost',2QT,6.08,7.12,541,,Leafing Out,6512,,
,Athyrium 'Godzilla',#1,6.29,7.38,933,,Leafing Out,11100,,
,Athyrium filix-femina 'Lady in Red',2QT,6.08,7.12,1460,,Leafing Out,269,,
,Athyrium filix-femina 'Victoriae',2QT,6.08,7.12,1400,,Emerging,268,,
,Athyrium filix-femina,2QT,6.08,7.12,1375,,Retail Foliage,267,,
,Athyrium nip. v. pictum,2QT,6.08,7.12,1134,,Leafing Out,270,,
,Cheilanthes lanosa,2QT,6.08,7.12,401,,Leafing Out,11838,,
,Cystopteris bulbifera,2QT,6.08,7.12,307,,Retail Foliage,11790,,
,Dennstaedtia punctilobula,2QT,7.44,8.79,1233,,Leafing Out,273,,
,Dennstaedtia punctilobula,TRAY 32 CT,96.00,96.00,3,,Leafing Out,12271,,
,Dryopteris championii,2QT,7.44,8.79,513,,Retail Foliage,275,,
,Dryopteris erythrosora 'Brilliance',2QT,6.08,7.12,5,,Leafing Out,277,,
,Dryopteris filix-mas,2QT,7.44,8.79,24,,Retail Foliage,278,,
,Dryopteris marginalis,2QT,6.08,7.12,233,,Retail Foliage,280,,
,Dryopteris tokyoensis,2QT,7.44,8.79,346,,Emerging,12202,,
,Matteuccia struthiopteris,TRGA,8.32,9.93,2301,,Leafing Out,281,,
,Onoclea sensibilis,2QT,7.44,8.79,425,,Retail Foliage,282,,
,Osmunda cinnamomea,#1,7.59,9.00,3333,,Leafing Out,7841,,
,Osmunda claytoniana,2QT,7.44,8.79,135,,Leafing Out,284,,
,Osmunda regalis,2QT,7.44,8.79,1463,,Leafing Out,285,,
,Polystichum acrostichoides,2QT,7.44,8.79,4194,,Retail Foliage,287,,
,Polystichum polyblepharum,2QT,7.44,8.79,357,,Retail Foliage,288,,
,Thelypteris palustris,2QT,6.08,7.12,158,,Leafing Out,289,,
,Filipendula × 'Red Umbrellas',#1,8.68,10.30,22,Jun 1,Retail Foliage,12019,,
,Filipendula rubra 'Venusta',TRGA,8.32,9.93,33,Jun 1,Leafing Out,290,,
X,Fragaria vesca LE,#1,7.59,9.00,0,May 25,,11998,,
X,Fragaria vesca LE,TRAY 50,77.50,77.50,0,May 18,,12130,,
,Gaillardia aristata 'Arizona Apricot',#1,6.29,7.38,312,May 25,Retail Foliage,10504,,
,Gaillardia aristata 'Spintop Red',#1,6.29,7.38,271,May 25,Bud & Bloom,10821,,
X,Galium odoratum,1QT,4.11,4.84,0,May 11,,295,,
,Gentiana 'True Blue',#1,8.68,10.30,248,,Leafing Out,7701,,
X,Geranium 'Azure Rush',#1,7.59,9.00,0,Jun 1,,8810,,
X,Geranium 'Blushing Turtle',#1,8.68,10.30,0,May 18,,10644,,
,Geranium 'Johnson's Blue',#1,6.29,7.38,194,May 11,Retail Foliage,8782,,
,Geranium ×cant. 'Biokovo',#1,7.59,9.00,34,,Retail Foliage,10281,,
,Geranium × cant. 'Cambridge',#1,6.29,7.38,535,,Retail Foliage,10282,,
X,Geranium himalayense 'Birch's Double',#1,7.59,9.00,0,Jun 1,,12335,,
,Geranium macro. 'Bevan's Variety',2QT,6.08,7.12,58,Jun 8,Retail Foliage,310,,
,Geranium mac. 'Ingwersen's Variety',2QT,6.08,7.12,121,,Retail Foliage,312,,
,Geranium mac. 'Spessart',2QT,6.08,7.12,455,Jun 8,Retail Foliage,313,,
X,Geranium maculatum,2QT,7.44,8.79,0,Jun 8,,307,,
X,Geranium phaeum 'Samobor',#1,7.59,9.00,0,Jun 1,,9507,,
X,Geranium pratense 'Laura',#1,7.59,9.00,0,Jun 1,,12337,,
X,Geranium pratense 'Splish Splash',#1,6.29,7.38,0,Jun 1,,12339,,
X,Geranium sanguineum 'Album',#1,7.59,9.00,0,Jun 1,,10283,,
X,Geranium sang. 'Max Frei',#1,7.59,9.00,0,Jun 1,,10285,,
X,Geranium sang. 'NH Purple',#1,7.59,9.00,0,Jun 1,,10286,,
,Geranium sang. var. striatum,#1,7.59,9.00,261,Jun 1,Retail Foliage,10287,,
X,Geranium 'Rozanne',#1,7.59,9.00,0,May 11,,8813,,
X,Geum × Cocktails™ 'Sea Breeze',#1,7.59,9.00,0,May 11,,10298,,
,Geum 'Totally Tangerine',#1,8.68,10.30,113,,Bud & Bloom,11173,,
X,Gillenia trifoliata,#1,7.59,9.00,0,May 25,,10288,,
,Globularia cordifolia,2QT,7.44,8.79,322,,Retail Foliage,8896,,
,GRASSES,,,,,,,,,
,Andropogon ger. 'Blackhawks',2GA,9.52,11.28,445,,Leafing Out,10501,,
,Andropogon ger. 'Blackhawks',#1,7.59,9.00,246,,Emerging,10499,,
,Calamagrostis 'Karl Foerster',#1,6.29,7.38,322,,Retail Foliage,8264,,
,Calamagrostis 'Karl Foerster',2GA,8.48,10.04,411,,Retail Foliage,6479,,
,Calamagrostis 'Overdam',2GA,9.52,11.28,237,,Retail Foliage,6502,,
,Calamagrostis 'Lightning Strike'®,2GA,8.48,10.04,519,,Retail Foliage,10795,,
X,Carex appalachica,2QT,6.08,7.12,0,May 18,,329,,
,Carex laxiculmis 'Bunny Blue'™,2QT,7.44,8.79,333,,Retail Foliage,11519,,
,Carex morrowii 'Ice Dance',2GA,8.48,10.04,243,,Leafing Out,6490,,
,Carex oshimensis 'Evergold',2QT,7.44,8.79,50,,Leafing Out,332,,
,Chasmanthium latifolium,2GA,9.52,11.28,189,,Leafing Out,6504,,
,Deschampsia cespitosa,2GA,8.48,10.04,75,,Retail Foliage,6484,,
X,Deschampsia flexuosa,#1,7.59,9.00,0,Jun 15,,7825,,
X,Eragrostis spectabilis LE,TRAY 50,77.50,77.50,0,May 18,,12135,,
,Festuca arun. Glow Sticks,#1,6.29,7.38,367,,Retail Foliage,11777,,
,Festuca glauca 'Elijah Blue',#1,6.29,7.38,607,,Retail Foliage,7774,,
,Festuca glauca Beyond Blue™,#1,7.59,9.00,490,,Retail Foliage,11781,,
X,Hakonechloa macra,2QT,9.62,11.39,0,Jun 1,,6809,,
X,Hakonechloa 'All Gold',2QT,9.62,11.39,0,Jun 1,,11679,,
X,Hakonechloa macra 'Aureola',2QT,9.62,11.39,0,May 18,,340,,
,Helictotrichon 'Saphirsprudel',#1,7.59,9.00,309,,Retail Foliage,7605,,
,Miscanthus 'Purpurascens',2GA,8.48,10.04,245,,Emerging,6477,,
,Miscanthus 'Adagio',2GA,8.48,10.04,245,,Emerging,8377,,
,Miscanthus 'Gracillimus',#1,6.29,7.38,282,,Emerging,11509,,
,Miscanthus 'Gracillimus',2GA,8.48,10.04,400,,Emerging,8373,,
,Miscanthus 'Little Kitten',2GA,8.48,10.04,233,,Leafing Out,9387,,
,Miscanthus 'Strictus',#1,7.59,9.00,508,,Leafing Out,11510,,
,Miscanthus 'Strictus',2GA,9.52,11.28,339,,Leafing Out,6482,,
,Molinia 'Skyracer',#1,7.59,9.00,15,,Leafing Out,11511,,
,Molinia 'Skyracer',2GA,9.52,11.28,227,,Leafing Out,6737,,
,Panicum virg. 'Heavy Metal',#1,7.59,9.00,203,,Emerging,11368,,
,Panicum virg. 'Heavy Metal',2GA,9.52,11.28,381,,Leafing Out,6478,,
,Panicum virg. 'Northwind',2GA,9.52,11.28,501,,Emerging,7877,,
,Panicum virg. 'Rotstrahlbusch',#1,7.59,9.00,129,,Emerging,9754,,
,Panicum virg. 'Rotstrahlbusch',2GA,9.52,11.28,831,,Emerging,8425,,
,Panicum virg. Ruby Ribbons™,#1,7.59,9.00,215,,Emerging,11785,,
,Panicum virgatum LE,#1,7.59,9.00,237,,Leafing Out,11582,,
,Schizachyrium 'Carousel',2GA,9.52,11.28,65,,Leafing Out,7195,,
,Schizachyrium 'The Blues',2GA,9.52,11.28,192,,Emerging,6813,,
,Schizachyrium scoparium,#1,7.59,9.00,153,,Emerging,11342,,
,Schizachyrium 'Blue Heaven'™,#1,7.59,9.00,10,,Emerging,11513,,
,Schizachyrium 'Blue Heaven'™,2GA,9.52,11.28,100,,Emerging,10514,,
,Gypsophila repens 'White',2QT,6.08,7.12,343,,Retail Foliage,12267,,
,Helenium 'Mardi Gras',#1,7.59,9.00,48,,Leafing Out,10789,,
,Helenium Mariachi™ 'Siesta',#1,7.59,9.00,185,,Leafing Out,11406,,
X,Helenium aut. 'Sahin's Early Flowerer',#1,7.59,9.00,0,May 25,,11009,,
,Helenium autumnale LE,#1,7.59,9.00,340,,Retail Foliage,11538,,
,Helenium autumnale LE,TRAY 50,85.00,85.00,37,,READY,12172,,
,Helenium flexuosum LE,TRAY 50,90.00,90.00,18,Jun 29,Ready,12352,,
,Helianthus 'Lemon Queen',TRGA,8.32,9.93,232,,Leafing Out,360,,
X,Helianthus decapetalus,#1,6.29,7.38,0,Jun 8,,10780,,
,Helianthus salicifolius,TRGA,8.32,9.93,160,,Leafing Out,361,,
,Heliopsis h. 'Fire Twister',#1,8.68,10.30,44,May 25,Leafing Out,11836,,
,Heliopsis 'Bleeding Hearts',TRGA,7.28,8.68,50,,Leafing Out,10448,,
,Helleborus 'Blushing Bridesmaid',#1,9.83,11.60,143,,Leafing Out,11904,,
,Helleborus 'California Dreaming',#1,9.83,11.60,356,,Blooming,11910,,
,Helleborus 'Dark and Handsome',#1,9.83,11.60,170,,Leafing Out,11908,,
,Helleborus 'French Kiss',#1,9.83,11.60,24,,Blooming,9606,,
,Helleborus 'Ivory Prince',#1,9.83,11.60,979,,Retail Foliage,9763,,
,Helleborus 'Rio Carnival',#1,9.83,11.60,259,,Blooming,9926,,
,Helleborus 'Rome in Red',#1,9.83,11.60,55,,Blooming,9609,,
,Helleborus 'Sandy Shores',#1,9.83,11.60,116,,Leafing Out,9611,,
,Helleborus 'Shotgun Wedding',#1,9.83,11.60,205,,Blooming,11906,,
,Helleborus 'Spanish Flare',#1,9.83,11.60,288,,Blooming,9613,,
,Helleborus 'Royal Heritage'™,#1,8.68,10.30,40,,Emerging,11475,,
,Helleborus Winter Magic™ 'Candy Love',#1,9.83,11.60,867,,"Blooming, Small Tops",7451,,
,Helleborus Brandywine™ Hybrids,#1,8.68,10.30,443,,Blooming,8301,,
,Helleborus 'Pine Knot Select Strain',#1,8.68,10.30,292,,Blooming,10033,,
,Helleborus Winter Magic™ 'Snow Love',#1,9.83,11.60,2176,,Retail Foliage,7452,,
,Hemerocallis 'Alabama Jubilee',#1,8.68,10.30,326,Jun 1,Retail Foliage,7975,,
,Hemerocallis 'Apricot Sparkles',#1,7.59,9.00,311,Jun 1,Leafing Out,8310,,
,Hemerocallis 'Barbara Mitchell',#1,8.68,10.30,258,Jun 1,Retail Foliage,7456,,
,Hemerocallis 'Bela Lugosi',#1,7.59,9.00,75,Jun 1,Leafing Out,11015,,
,Hemerocallis 'Bertie Ferris',#1,6.29,7.38,151,Jun 1,Retail Foliage,7455,,
,Hemerocallis 'Big Time Happy',#1,6.29,7.38,297,Jun 1,Leafing Out,7460,,
,Hemerocallis 'Bright Sunset',#1,7.59,9.00,150,Jun 1,Retail Foliage,7459,,
,Hemerocallis 'Buttered Popcorn',#1,7.59,9.00,260,Jun 1,Retail Foliage,7458,,
,Hemerocallis 'Catherine Woodbury',#1,6.29,7.38,77,Jun 1,Leafing Out,7979,,
,Hemerocallis 'Desert Flame',#1,7.59,9.00,302,Jun 1,Leafing Out,10071,,
,Hemerocallis 'Fooled Me',#1,8.68,10.30,208,Jun 1,Retail Foliage,7461,,
,Hemerocallis 'Funny Valentine',#1,7.59,9.00,143,Jun 1,Retail Foliage,10725,,
,Hemerocallis 'Happy Returns',2QT,6.08,7.12,1570,Jun 1,Retail Foliage,392,,
,Hemerocallis 'Hyperion',#1,7.59,9.00,26,Jun 1,Leafing Out,7519,,
,Hemerocallis 'Joan Senior',#1,7.59,9.00,77,Jun 1,Leafing Out,7833,,
,Hemerocallis 'Little Grapette',#1,6.29,7.38,167,Jun 1,Retail Foliage,7983,,
,Hemerocallis 'Marque Moon',#1,7.59,9.00,139,Jun 1,Leafing Out,8316,,
,Hemerocallis 'Mary Todd',#1,7.59,9.00,380,Jun 1,Retail Foliage,7464,,
,Hemerocallis 'Mauna Loa',#1,6.29,7.38,104,,Retail Foliage,10200,,
,Hemerocallis 'Mighty Chestnut',#1,7.59,9.00,280,Jun 1,Retail Foliage,8308,,
,Hemerocallis 'Pandora's Box',#1,6.29,7.38,155,Jun 1,Leafing Out,7465,,
,Hemerocallis 'Pardon Me',#1,6.29,7.38,189,Jun 1,Leafing Out,7986,,
,Hemerocallis 'Prairie Belle',#1,7.59,9.00,24,,Retail Foliage,11674,,
,Hemerocallis 'Purple de Oro',#1,7.59,9.00,129,Jun 1,Leafing Out,7466,,
,Hemerocallis 'Rocket City',#1,7.59,9.00,245,Jun 1,Retail Foliage,7468,,
X,Hemerocallis 'Rosy Returns',#1,7.59,9.00,0,Jun 1,,7469,,
,Hemerocallis 'Scottish Fantasy',#1,7.59,9.00,81,Jun 1,Leafing Out,10169,,
,Hemerocallis 'South Seas',#1,7.59,9.00,27,Jun 1,Retail Foliage,11469,,
,Hemerocallis 'Star of the North',#1,7.59,9.00,44,,Retail Foliage,11018,,
,Hemerocallis 'Stella de Oro',2QT,6.08,7.12,1020,Jun 1,Leafing Out,415,,
,Hemerocallis citrina,2QT,6.08,7.12,296,Jun 1,Leafing Out,12028,,
,Hemerocallis flava,2QT,7.44,8.79,99,Jun 1,Retail Foliage,387,,
,Hemerocallis fulva,#1,7.59,9.00,232,,Retail Foliage,9064,,
,Heuchera 'Black Beauty',2QT,7.44,8.79,322,,Retail Foliage,6986,,
X,Heuchera FOREVER™ Purple,2QT,7.44,8.79,0,May 11,,10077,,
,Heuchera 'Fire Chief',2QT,7.44,8.79,342,,Budded,8355,,
,Heuchera 'Frosted Violet',2QT,7.44,8.79,246,,Retail Foliage,423,,
,Heuchera 'Glitter',2QT,8.48,10.04,511,,Bud & Bloom,10542,,
,Heuchera NORTHERN EXPOSURE™ Lime,2QT,7.44,8.79,190,,Retail Foliage,11181,,
,Heuchera 'Obsidian',2QT,7.44,8.79,303,,Retail Foliage,429,,
X,Heuchera 'Peach Smoothie',2QT,7.44,8.79,0,Jun 1,,12164,,
,Heuchera 'Silver Scrolls',2QT,7.44,8.79,168,,Bud & Bloom,895,,
,Heuchera americana 'Green Spice',2QT,7.44,8.79,242,,Retail Foliage,10512,,
,Heuchera longiflora,2QT,7.44,8.79,288,,Retail Foliage,11505,,
,Heuchera villosa 'Autumn Bride',#1,7.59,9.00,12,May 11,Leafing Out,9065,,
X,Heuchera villosa 'Bronze Wave',2QT,7.44,8.79,0,May 11,,438,,
,Heucherella 'Pink Revolution'™,2QT,7.44,8.79,325,,Blooming,10747,,
,Heucherella 'Solar Eclipse',2QT,7.44,8.79,262,,Retail Foliage,9968,,
,Heucherella 'Sweet Tea',2QT,7.44,8.79,356,,Retail Foliage,9089,,
,Hosta 'Big Daddy',TRGA,8.32,9.93,28,,Leafing Out,9306,,
,Hosta 'Blue Angel',#1,7.59,9.00,94,,Emerging,7474,,
,Hosta 'Blue Angel',TRGA,8.32,9.93,123,,Leafing Out,443,,
,Hosta 'Blue Mammoth',TRGA,9.36,11.18,54,,Leafing Out,6797,,
,Hosta 'Blue Mouse Ears',1QT,5.04,5.93,9,,Leafing Out,957,,
,Hosta 'Blueberry Muffin',#1,6.29,7.38,312,,Emerging,10782,,
,Hosta 'Blueberry Muffin',TRGA,9.36,11.18,19,,Leafing Out,9498,,
,Hosta 'Cameo',1QT,6.03,7.23,83,,Leafing Out,9494,,
,Hosta 'Curly Fries',1QT,5.04,5.93,49,,Leafing Out,9495,,
,Hosta 'Elegans',#1,6.29,7.38,105,,Emerging,7487,,
,Hosta 'Elegans',TRGA,7.28,8.68,93,,Emerging,447,,
,Hosta 'Fire Island',#1,6.29,7.38,103,,Retail Foliage,9462,,
,Hosta 'Firn Line',#1,8.68,10.30,133,,Emerging,9316,,
,Hosta 'Francee',#1,6.29,7.38,53,,Emerging,7478,,
,Hosta 'Francee',TRGA,7.28,8.68,115,,Emerging,450,,
,Hosta 'Frances Williams',#1,6.29,7.38,69,,Emerging,10018,,
,Hosta 'Frances Williams',TRGA,7.28,8.68,124,,Emerging,451,,
,Hosta 'Gold Standard',TRGA,8.32,9.93,84,,Leafing Out,8791,,
X,Hosta 'Guacamole',#1,6.29,7.38,0,Jul 13,,7479,,
,Hosta 'Humpback Whale',TRGA,8.32,9.93,16,,Leafing Out,10539,,
,Hosta 'Krossa Regal',TRGA,8.32,9.93,57,,Leafing Out,462,,
,Hosta 'Maui Buttercups',#1,8.68,10.30,114,,Leafing Out,11039,,
,Hosta 'Mighty Mouse',1QT,5.04,5.93,4,,Retail Foliage,11493,,
,Hosta 'Mini Skirt',1QT,6.03,7.23,148,,Leafing Out,9696,,
,Hosta 'Pandora's Box',1QT,5.04,5.93,144,,Leafing Out,11495,,
X,Hosta 'Patriot',#1,6.29,7.38,0,Jul 13,,7481,,
,Hosta 'Patriot',TRGA,8.32,9.93,228,,Leafing Out,466,,
,Hosta 'Pilgrim',#1,6.29,7.38,113,,Emerging,7483,,
,Hosta 'Pocketful of Sunshine',1QT,5.04,5.93,52,,Retail Foliage,11036,,
,Hosta 'Regal Splendor',#1,6.29,7.38,99,,Emerging,10269,,
,Hosta 'Royal Standard',TRGA,7.28,8.68,212,,Leafing Out,468,,
,Hosta 'School Mouse',1QT,5.04,5.93,196,,Retail Foliage,11030,,
,Hosta 'Stained Glass',#1,6.29,7.38,58,,Emerging,7484,,
,Hosta 'Sugar Daddy',TRGA,8.32,9.93,211,,Leafing Out,10079,,
,Hosta 'Sum and Substance',#1,6.29,7.38,156,,Emerging,7485,,
,Hosta 'Sum and Substance',TRGA,8.32,9.93,80,,Leafing Out,470,,
,Hosta 'Sun Mouse',1QT,5.04,5.93,135,,Leafing Out,10493,,
,Hosta 'Wide Brim',#1,6.29,7.38,188,,Emerging,7486,,
,Hyssopus officinalis,#1,6.29,7.38,208,Jun 1,Retail Foliage,10757,,
,Iberis semp. 'Alexander's White',#1,7.59,9.00,720,,Bud & Bloom,10762,,
,Iberis semp. 'Purity',#1,6.29,7.38,110,,Leafing Out,10475,,
X,Ionactis linariifolia LE,TRAY 50,85.00,85.00,0,May 18,,12176,,
,Iris cristata,1QT,5.04,5.93,161,,Retail Foliage,483,,
,Iris cristata 'Tennessee White',1QT,5.04,5.93,173,,Retail Foliage,7349,,
,Iris ensata 'Darling',#1,7.59,9.00,21,Jun 1,Leafing Out,11171,,
,Iris ensata 'Gold Bound',#1,7.59,9.00,354,Jun 1,Retail Foliage,11183,,
,Iris ensata 'Katy Mendez',#1,7.59,9.00,368,,Retail Foliage,11878,,
,Iris ensata 'Variegata',#1,7.59,9.00,982,Jun 1,Retail Foliage,7493,,
,Iris 'Immortality',#1,7.59,9.00,251,,Retail Foliage,10635,,
,Iris 'Raptor Red',#1,7.59,9.00,164,,Retail Foliage,10366,,
,Iris 'Raven Girl',#1,7.59,9.00,13,,Leafing Out,12012,,
,Iris 'Sugar Blues',#1,7.59,9.00,7,,Retail Foliage,10374,,
,Iris sibirica 'Caesar's Brother',#1,6.29,7.38,582,Jun 8,Leafing Out,7497,,
X,Iris sibirica 'Contrast in Styles',#1,7.59,9.00,0,Jun 8,,7788,,
,Iris sibirica 'Cote d'Azur',#1,7.59,9.00,134,Jun 8,Leafing Out,10778,,
X,Iris sibirica 'Dear Delight',#1,7.59,9.00,0,Jun 8,,10535,,
,Iris sibirica 'Moon Silk',#1,7.59,9.00,24,Jun 8,Leafing Out,9359,,
,Iris siberica 'Purring Tiger',#1,8.68,10.30,262,Jun 8,Leafing Out,11861,,
,Iris sibirica 'Ruffled Velvet',#1,7.59,9.00,147,Jun 8,Leafing Out,7778,,
,Iris sibirica 'Summer Revels',#1,6.29,7.38,156,,Leafing Out,9105,,
,Iris versicolor,2QT,6.08,7.12,430,,Retail Foliage,498,,
,Iris versicolor 'Purple Flame',#1,8.68,10.30,399,,Retail Foliage,11169,,
,Jeffersonia diphylla,1QT,6.03,7.23,2,,Retail Foliage,6485,,
,Kalimeris incisa 'Blue Star',#1,6.29,7.38,123,,Retail Foliage,7775,,
X,Kirengeshoma palmata,TRGA,9.36,11.18,0,Jun 8,,502,,
,Knautia macedonica,#1,6.29,7.38,18,Jun 1,Retail Foliage,7776,,
,Lamiastrum galeobdolon 'Florentinum',1QT,4.11,4.84,1234,,Fair Foliage,505,,
,Lamium maculatum 'Orchid Frost',#1,6.29,7.38,67,May 11,Retail Foliage,11889,,
,Lamium maculatum 'Pink Pewter',#1,6.29,7.38,237,,Budded,11890,,
,Lamium maculatum 'White Nancy',#1,6.29,7.38,206,,Small Looks Good,11891,,
,Lathyrus vernus,2QT,7.44,8.79,180,,Retail Foliage,512,,
,Lavandula 'Sensational!'®,#1,6.29,7.38,668,,Retail Foliage,11080,,
,Lavandula angust. 'Munstead',#1,6.29,7.38,288,,Budded,12023,,
,Lavandula × intermedia 'Provence',#1,6.29,7.38,69,May 11,Retail Foliage,9688,,
,Leontopodium alpinum,2QT,6.08,7.12,178,,Leafing Out,11978,,
,Leucanthemum 'Becky',#1,6.29,7.38,486,,Small Looks Good,7793,,
,Leucanthemum 'Becky',TRGA,7.28,8.68,231,,Leafing Out,519,,
,Leucanthemum 'Goldfinch',#1,6.29,7.38,188,,Emerging,10506,,
,Lewisia 'Little Mango',2QT,6.08,7.12,402,,Retail Foliage,7223,,
,Lewisia 'Little Plum',2QT,6.08,7.12,437,,Retail Foliage,523,,
X,Liatris n.a. var.novae-angliae LE,#1,7.59,9.00,0,Jun 8,,11426,,
X,Liatris spicata,#1,7.59,9.00,0,Jun 1,,10211,,
,Liatris 'Floristan White',#1,7.59,9.00,11,May 18,Leafing Out,7794,,
X,Liatris 'Kobold Original',#1,7.59,9.00,0,May 25,,7795,,
,Ligularia 'Little Rocket',TRGA,8.32,9.93,27,Jun 1,Leafing Out,531,,
,Ligularia 'Osiris Cafe Noir',TRGA,10.50,12.53,64,,Retail Foliage,10654,,
,Ligularia dentata 'Osiris Fantaisie',TRGA,10.50,12.53,126,Jun 1,Retail Foliage,9030,,
,Ligularia dentata 'Othello',TRGA,7.28,8.68,135,Jun 1,Leafing Out,530,,
,Ligularia dentata 'Twilight',TRGA,8.32,9.93,363,Jun 1,Retail Foliage,11587,,
,Ligularia stenocephala 'The Rocket',TRGA,7.28,8.68,81,Jun 1,Retail Foliage,532,,
,Limonium 'Dazzle Rocks',#1,7.59,9.00,94,,Retail Foliage,11604,,
,Liriope spicata,1QT,4.11,4.84,2400,,Leafing Out,535,,
X,Lobelia cardinalis 'Black Truffle',#1,7.59,9.00,0,May 11,,10552,,
X,Lobelia cardinalis LE,TRAY 50,90.00,90.00,0,May 11,,12200,,
X,Lobelia siphilitica,#1,6.29,7.38,0,Jun 8,,9223,,
,Lupinus 'The Governor',#1,6.29,7.38,115,,Retail Foliage,7510,,
,Lupinus 'Gallery Red',#1,6.29,7.38,141,,Retail Foliage,8956,,
,Lupinus 'Russell Woodfield Hybrid',#1,6.29,7.38,100,,Retail Foliage,7509,,
,Lysimachia clethroides,#1,6.29,7.38,481,,Emerging,11195,,
X,Lysimachia lanceolata v. purpurea,#1,6.29,7.38,0,Jun 22,,10453,,
,Macleaya microcarpa 'Kelways Coral Plume',TRGA,9.36,11.18,256,Jun 1,Emerging,548,,
,Malva alcea 'Fastigiata',#1,7.59,9.00,56,,Retail Foliage,7845,,
,Malva sylvestris 'Zebrina',#1,7.59,9.00,15,,Retail Foliage,7796,,
,Meconopsis cambrica,2QT,7.44,8.79,319,,Retail Foliage,553,,
,Meehania cordata,2QT,8.48,10.04,197,,Retail Foliage,6998,,
X,Mertensia virginica,1QT,6.03,7.23,0,Jun 8,,555,,
,Micranthes virginiensis LE,2QT,7.44,8.79,30,,Blooming,11649,,
X,Micranthes virginiensis LE,TRAY 50,90.00,90.00,0,May 11,,12131,,
,Mimulus ringens LE,#1,7.59,9.00,119,May 18,Leafing Out,12064,,
,Mimulus ringens LE,TRAY 50,77.50,77.50,12,,Ready,12145,,
,Mitella diphylla,1QT,5.04,5.93,88,,Leafing Out,558,,
,Monarda Bee-You® Bee Lieve™,#1,6.29,7.38,127,,Leafing Out,11619,,
,Monarda Bee-You ® Bee True™,#1,6.29,7.38,185,,Leafing Out,11621,,
X,Monarda bradburiana,#1,6.29,7.38,0,May 18,,10188,,
X,Monarda 'Marshall's Delight',#1,6.29,7.38,0,May 18,,7512,,
X,Monarda fistulosa LE,#1,7.59,9.00,0,May 18,,11550,,
,Monarda × 'Claire Grace',#1,6.29,7.38,200,May 18,Retail Foliage,7514,,
,Monarda fistulosa LE,TRAY 50,77.50,77.50,15,,READY,12128,,
X,Monarda punctata,#1,6.29,7.38,0,Jun 8,,10432,,
,Mukdenia 'Crimson Fans',#1,8.68,10.30,39,Jun 15,Emerging,9076,,
,Mukgenia NOVA™ 'Flame',#1,8.68,10.30,57,,Emerging,10502,,
X,Nepeta 'Junior Walker™',#1,6.29,7.38,0,May 11,,10308,,
,Nepeta 'Early Bird',#1,6.29,7.38,8,,Leafing Out,10306,,
,Nepeta 'Six Hills Giant',#1,6.29,7.38,33,,Retail Foliage,10391,,
,Nepeta 'Six Hills Giant',TRGA,7.28,8.68,49,,Retail Foliage,569,,
,Nepeta 'Walker's Low',#1,6.29,7.38,89,,Retail Foliage,10393,,
,Nepeta 'Souvenir d'André Chaudron',#1,6.29,7.38,318,,Retail Foliage,8787,,
,Nepeta subsessilis,#1,6.29,7.38,37,,Retail Foliage,8781,,
,Nipponanthemum nipponicum,#1,6.29,7.38,484,,Retail Foliage,8814,,
X,Omphalodes verna,2QT,7.44,8.79,0,May 25,,577,,
,Origanum 'Rosenkuppel',#1,6.29,7.38,285,,Retail Foliage,10476,,
,Pachysandra procumbens,1QT,5.04,5.93,318,Jun 29,Leafing Out,579,,
,Pachysandra terminalis 'Green Sheen',1QT,5.04,5.93,191,,Retail Foliage,582,,
,Pachysandra terminalis 'Silver Edge',1QT,5.04,5.93,445,,Retail Foliage,583,,
,Pachysandra terminalis,TRAY 50 ct,23.50,23.50,37,,Fair Foliage,580,,
,Paeonia 'Alexander Fleming',2GA,11.44,13.62,83,,Leafing Out,10937,,
,Paeonia 'America',2GA,24.44,29.12,95,,Retail Foliage,586,,
,Paeonia 'Belgravia',2GA,24.44,29.12,96,,Retail Foliage,10942,,
,Paeonia 'Black Beauty',2GA,16.22,19.29,14,,Leafing Out,9884,,
,Paeonia 'Blaze',2GA,20.70,24.60,106,,Retail Foliage,590,,
,Paeonia 'Buckeye Belle',2GA,18.72,22.26,77,,Leafing Out,9890,,
,Paeonia 'Bunker Hill',2GA,11.44,13.62,27,,Leafing Out,11713,,
,Paeonia 'Charlie's White',2GA,11.44,13.62,106,,Leafing Out,11715,,
,Paeonia 'Chiffon Parfait',2GA,20.70,24.60,8,,Leafing Out,10944,,
,Paeonia 'Christmas Velvet',2GA,18.72,22.26,4,,Leafing Out,12285,,
,Paeonia 'Claire de Lune',2GA,18.72,22.26,68,,Retail Foliage,10976,,
,Paeonia 'Coral Charm',2GA,18.72,22.26,67,,Retail Foliage,592,,
,Paeonia 'Do Tell',2GA,18.72,22.26,77,,Emerging,599,,
,Paeonia 'Duchess de Nemours',2GA,11.44,13.62,116,,Leafing Out,909,,
,Paeonia 'Edulis Superba',2GA,11.44,13.62,59,,Leafing Out,600,,
,Paeonia 'Felix Supreme',2GA,16.22,19.29,91,,Leafing Out,10954,,
,Paeonia 'Festiva Maxima',2GA,11.44,13.62,111,,Leafing Out,913,,
,Paeonia 'Henry Bockstoce',2GA,16.22,19.29,60,,Leafing Out,11717,,
,Paeonia 'Illini Warrior',2GA,18.72,22.26,64,,Retail Foliage,610,,
,Paeonia Itoh 'All that Jazz',3GA,62.40,62.40,19,,Leafing Out,12004,,
,Paeonia Itoh 'Bartzella',3GA,36.40,36.40,117,,Leafing Out,7362,,
,Paeonia Itoh 'Cora Louise',3GA,62.40,62.40,15,,Emerging,10027,,
,Paeonia Itoh 'First Arrival',3GA,62.40,62.40,3,,Retail Foliage,10625,,
,Paeonia Itoh 'Julia Rose',3GA,62.40,62.40,21,,Leafing Out,10029,,
,Paeonia Itoh 'Kopper Kettle',3GA,62.40,62.40,41,,Leafing Out,10920,,
,Paeonia Itoh 'Love Affair',3GA,62.40,62.40,46,,Retail Foliage,12006,,
,Paeonia Itoh 'Morning Lilac',3GA,62.40,62.40,87,,Retail Foliage,10922,,
,Paeonia Itoh 'Scarlet Heaven',3GA,52.00,52.00,37,,Leafing Out,10924,,
,Paeonia Itoh 'Singing in the Rain',3GA,52.00,52.00,70,,Retail Foliage,10926,,
,Paeonia Itoh 'Yankee Doodle Dandy',3GA,52.00,52.00,58,,Retail Foliage,10928,,
,Paeonia Itoh 'Yellow Doodle Dandy',3GA,52.00,52.00,5,,Retail Foliage,10933,,
,Paeonia 'Karl Rosenfeld',2GA,16.22,19.29,197,,Leafing Out,8444,,
,Paeonia 'King's Day',2GA,24.44,29.12,22,,Leafing Out,12276,,
,Paeonia 'Krinkled White',2GA,16.22,19.29,34,,Leafing Out,614,,
,Paeonia 'Lemon Chiffon',2GA,24.44,29.12,8,,Leafing Out,11477,,
,Paeonia 'Lillian Wild',2GA,16.22,19.29,149,,Leafing Out,10958,,
,Paeonia 'Lorelei',2GA,24.44,29.12,4,,Leafing Out,10964,,
,Paeonia 'Miss America',2GA,18.72,22.26,67,,Leafing Out,618,,
,Paeonia 'Mme. de Vernville',2GA,20.70,24.60,141,,Leafing Out,620,,
,Paeonia 'Mons. Jules Elie',2GA,11.44,13.62,8,,Leafing Out,6557,,
,Paeonia 'Paul M. Wild',2GA,16.22,19.29,20,,Leafing Out,922,,
,Paeonia 'Paula Fay',2GA,11.44,13.62,95,,Leafing Out,10971,,
,Paeonia 'Peter Brand',2GA,18.72,22.26,64,,Leafing Out,9886,,
,Paeonia 'Pink Hawaiian Coral',2GA,16.22,19.29,97,,Retail Foliage,627,,
,Paeonia 'Purple Spider',2GA,16.22,19.29,18,,Leafing Out,11723,,
,Paeonia 'Red Charm',2GA,16.22,19.29,141,,Leafing Out,596,,
,Paeonia 'Sarah Bernhardt',2GA,11.44,13.62,342,,Leafing Out,636,,
,Paeonia 'Scarlett O’Hara',2GA,18.72,22.26,61,,Retail Foliage,640,,
,Paeonia 'Soft Salmon Saucer',2GA,16.22,19.29,7,,Leafing Out,12008,,
,Paeonia 'Sorbet',2GA,11.44,13.62,50,,Leafing Out,10974,,
,Paeonia 'White Wings',2GA,11.44,13.62,13,,Leafing Out,10980,,
,Paeonia 'Anemoniflora',2GA,16.22,19.29,8,,Leafing Out,7358,,
,Paeonia 'Rubra Plena',2GA,11.44,13.62,43,,Leafing Out,9892,,
,Paeonia officinalis 'Alba Plena',2GA,11.44,13.62,49,,Retail Foliage,10984,,
,Paeonia tenuifolia,2GA,62.40,62.40,61,,Budded,11803,,
,Papaver nudicaule 'Wonderland',#1,6.29,7.38,142,Jun 1,Budded,10477,,
,Papaver orient. 'Beauty of Livermere',#1,6.29,7.38,239,,Retail Foliage,10478,,
,Papaver orientalis 'Prince of Orange',#1,6.29,7.38,297,,Retail Foliage,10482,,
,Papaver orientalis 'Royal Wedding',#1,6.29,7.38,270,,Retail Foliage,10481,,
,Patrinia gibbosa,2QT,7.44,8.79,86,,Retail Foliage,664,,
X,Penstemon 'Dark Towers',#1,7.59,9.00,0,Jun 8,,9352,,
X,Penstemon RED ROCKS®,#1,6.29,7.38,0,May 25,,11497,,
X,Penstemon digitalis LE,#1,7.59,9.00,0,May 18,,11270,,
,Penstemon dig. 'Huskers Red Improved',#1,6.29,7.38,3,,Retail Foliage,9358,,
X,Penstemon digitalis LE,TRAY 50,77.50,77.50,0,May 11,,12136,,
X,Penstemon hirsutus LE,#1,7.59,9.00,0,May 25,,11274,,
,Penstemon hirsutus LE,TRAY 50,77.50,77.50,16,,READY,12196,,
,Penstemon smallii,#1,6.29,7.38,3,,Retail Foliage,12168,,
,Perovskia 'Blue Jean Baby',#1,7.59,9.00,55,,Small Looks Good,10818,,
X,Perovskia  'Little Spire',#1,7.59,9.00,0,May 11,,7908,,
,Perovskia atriplicifolia 'CrazyBlue',TRGA,8.32,9.93,309,,Emerging,11395,,
,Perovskia atriplicifolia,TRGA,8.32,9.93,31,Jun 1,Emerging,7271,,
,Persicaria amplexicaulis 'Speciosa',TRGA,8.32,9.93,337,Jun 1,Leafing Out,677,,
,Persicaria polymorpha,TRGA,8.32,9.93,207,Jun 1,Leafing Out,678,,
,Phlox 'Violet Pinwheels',2QT,6.08,7.12,575,,Budded,11690,,
,Phlox carolina 'Kim',#1,6.29,7.38,11,,Retail Foliage,11758,,
,Phlox divaricata 'Blue Moon',#1,6.29,7.38,395,,Budded,10210,,
,Phlox divaricata 'May Breeze',#1,6.29,7.38,967,,Budded,10486,,
,Phlox  'Triple Play',#1,6.29,7.38,196,,Retail Foliage,9399,,
X,Phlox paniculata 'David',#1,6.29,7.38,0,May 18,,7798,,
,Phlox paniculata 'Early White',#1,6.29,7.38,274,,Retail Foliage,11734,,
,Phlox paniculata 'Jeana',#1,6.29,7.38,349,,Retail Foliage,7800,,
X,Phlox paniculata 'Nicky',#1,6.29,7.38,0,May 18,,7801,,
,Phlox 'Olympus',#1,8.68,10.30,35,,Leafing Out,11760,,
,Phlox paniculata 'Robert Poore',#1,6.29,7.38,254,,Retail Foliage,7802,,
,Phlox stolonifera 'Blue Ridge',2QT,7.44,8.79,264,,Budded,691,,
,Phlox stolonifera 'Sherwood Purple',2QT,7.44,8.79,115,,Bud & Bloom,697,,
,Phlox 'Candy Stripe',2QT,6.08,7.12,32,,Bud & Bloom,693,,
,Phlox 'Drummonds Pink',2QT,6.08,7.12,173,,Retail Foliage,11693,,
,Phlox 'Emerald Cushion Blue',2QT,6.08,7.12,35,,Budded,698,,
,Phlox 'Scarlet Flame',2QT,6.08,7.12,663,,Bud & Bloom,696,,
,Phlox 'Snowflake',2QT,6.08,7.12,234,,Bud & Bloom,700,,
,Physostegia virginiana 'Miss Manners',#1,7.59,9.00,228,,Leafing Out,11476,,
,Phyteuma scheuchzeri,2QT,6.08,7.12,129,,Retail Foliage,8031,,
X,Platycodon 'Astra Double White',2QT,6.08,7.12,0,May 11,,7118,,
X,Platycodon 'Astra Single Blue',2QT,6.08,7.12,0,May 18,,11613,,
X,Platycodon 'Astra Single Pink',2QT,6.08,7.12,0,May 18,,12270,,
,Podophyllum peltatum,2QT,8.48,10.04,247,May 18,Leafing Out,712,,
X,Polemonium reptans,#1,6.29,7.38,0,Jun 8,,11076,,
,Polemonium yezoense 'Purple Rain',#1,6.29,7.38,400,,Retail Foliage,11077,,
X,Polygonatum biflorum,#1,7.59,9.00,0,Jul 1,,7564,,
,Polygonatum biflorum,1QT,5.04,5.93,14,,Leafing Out,717,,
X,Polygonatum humile,1QT,6.03,7.23,0,Jul 6,,719,,
X,Polygonatum odoratum 'Variegatum',#1,8.68,10.30,0,Jul 1,,8758,,
X,Polygonatum verticillatum 'Rubrum',#1,7.59,9.00,0,Jun 1,,11782,,
,Potentilla t. 'Monarch's Velvet',#1,6.29,7.38,142,,Leafing Out,8815,,
,Primula x bulleesiana,2QT,6.08,7.12,216,,Leafing Out,7280,,
,Primula denticulata,2QT,6.08,7.12,280,,Leafing Out,724,,
,Primula japonica,2QT,6.08,7.12,172,,Leafing Out,725,,
,Primula sieboldii,2QT,6.08,7.12,142,,Budded,9229,,
,Pulmonaria 'High Contrast',#1,7.59,9.00,372,,Leafing Out,10301,,
,Pulmonaria 'Raspberry Splash',#1,7.59,9.00,336,,Blooming,10302,,
,Pulmonaria 'Shrimps on the Barbie',#1,7.59,9.00,404,,Blooming,11912,,
,Pulmonaria 'Silver Bouquet',#1,7.59,9.00,383,,Blooming,10304,,
,Pulmonaria 'Trevi Fountain',#1,8.68,10.30,442,,Blooming,11597,,
,Pulsatilla vulgaris,2QT,7.44,8.79,278,,Blooming,738,,
,Pulsatilla vulgaris 'Rote Glocke',2QT,7.44,8.79,298,,Bud & Bloom,737,,
X,Pycnanthemum muticum LE,#1,7.59,9.00,0,Jun 8,,11842,,
X,Pycnanthemum muticum LE,TRAY 50,85.00,85.00,0,May 18,,12197,,
,Pycnanthemum pilosum,#1,7.59,9.00,79,,Leafing Out,11638,,
X,Pycnanthemum tenuifolium LE,#1,7.59,9.00,0,Jun 8,,11799,,
,Pycnanthemum virginianum LE,TRAY 50,85.00,85.00,21,May 11,READY,12170,,
,Ratibida pinnata,#1,6.29,7.38,321,,Retail Foliage,10792,,
,Rhus aromatica 'Gro-low',TRGA,10.50,12.53,1434,,Emerging,743,,
X,Rodgersia aesculifolia,TRGA,8.32,9.93,0,Jun 15,,10793,,
X,Rodgersia pinnata 'Chocolate Wings',TRGA,10.50,12.53,0,Jun 15,,744,,
,Rodgersia pinnata 'Braunlaub',TRGA,9.36,11.18,97,Jun 15,Emerging,11086,,
,Rodgersia pinnata,TRGA,9.36,11.18,48,Jun 15,Emerging,11595,,
,Rudbeckia triloba 'Prairie Glow',#1,6.29,7.38,33,May 25,Retail Foliage,11501,,
X,Rudbeckia fulgida 'Early Bird Gold',#1,7.59,9.00,0,Jun 1,,10309,,
X,Rudbeckia fulgida 'Goldsturm',#1,6.29,7.38,0,May 25,,8266,,
,Rudbeckia fulgida var. deamii,#1,6.29,7.38,219,Jun 8,Small Looks Good,10812,,
X,Rudbeckia fulgida v.s.'Little Gold Star',#1,7.59,9.00,0,May 25,,10394,,
,Rudbeckia laciniata LE,#1,7.59,9.00,64,Jun 8,Leafing Out,11305,,
X,Rudbeckia laciniata LE,TRAY 50,85.00,85.00,0,Jun 29,,12137,,
,Rudbeckia maxima,TRGA,8.32,9.93,70,,Leafing Out,748,,
,Rudbeckia nitida 'Herbstsonne',TRGA,8.32,9.93,331,Jun 1,Retail Foliage,749,,
,Rudbeckia subtomentosa 'Little Henry',TRGA,8.32,9.93,364,,Leafing Out,8970,,
,Rudbeckia triloba 'Blackjack Gold',#1,6.29,7.38,206,,Retail Foliage,11981,,
,Ruta graveolens,#1,6.29,7.38,84,,Emerging,12234,,
,Sagina subulata,"3 1/2""",4.00,4.78,175,,Retail Foliage,12295,,
,Salvia koyamae,#1,7.59,9.00,83,,Retail Foliage,10324,,
,Salvia nemorosa 'Blue Hill',#1,6.29,7.38,52,,Leafing Out,7804,,
,Salvia 'Blue by You',#1,6.29,7.38,24,,Retail Foliage,11451,,
,Salvia 'Eveline',#1,7.59,9.00,204,May 11,Retail Foliage,7803,,
X,Salvia nemorosa 'May Night',#1,6.29,7.38,0,May 11,,7806,,
,Salvia 'Rose Marvel',#1,6.29,7.38,250,,Retail Foliage,11696,,
,Salvia nemorosa 'Salute Light Pink',#1,6.29,7.38,398,,Leafing Out,11374,,
,Salvia nemorosa 'Snow Hill',#1,6.29,7.38,205,May 25,Leafing Out,10405,,
,Salvia nemorosa ' Wesuwe',#1,6.29,7.38,285,,Leafing Out,10100,,
,Salvia verticillata 'Purple Rain',#1,6.29,7.38,137,,Retail Foliage,7807,,
X,Sanguisorba canadensis,#1,7.59,9.00,0,May 11,,7808,,
,Sanguisorba 'Lilac Squirrel',TRGA,9.36,11.18,112,Jun 1,Leafing Out,8905,,
,Sanquisorba officinalis 'Tanna',#1,8.68,10.30,43,,Leafing Out,8017,,
,Sanguisorba tenuifolia var. purpurea,#1,8.68,10.30,287,,Leafing Out,11735,,
,Saruma henryii,2QT,8.48,10.04,430,,Blooming,768,,
,Saxifraga x arendsii 'Purple Robe',2QT,6.08,7.12,9,May 25,Budded,769,,
,Scabiosa 'Butterfly Blue',#1,6.29,7.38,13,May 11,Leafing Out,9510,,
,Scabiosa Flutter™ Rose Pink,#1,6.29,7.38,81,May 11,Leafing Out,11109,,
,Scutellaria 'Appalachian Blues',2QT,7.44,8.79,65,,Leafing Out,11902,,
,Sedum 'Autumn Fire',TRGA,8.32,9.93,96,,Retail Foliage,8975,,
,Sedum 'Autumn Joy',#1,6.29,7.38,180,,Retail Foliage,8265,,
,Sedum 'Autumn Joy',TRGA,7.28,8.68,268,Jun 1,Retail Foliage,776,,
,Sedum 'Carl',#1,6.29,7.38,46,,Retail Foliage,12224,,
,Sedum Sunsparkler® 'Dazzleberry',#1,6.29,7.38,23,,Leafing Out,9406,,
,Sedum Sunsparkler® 'Firecracker',#1,6.29,7.38,129,,Leafing Out,9410,,
,Sedum spurium 'John Creech',2QT,6.08,7.12,99,,Retail Foliage,780,,
,Sedum Sunsparkler®  'Lime Twister',#1,6.29,7.38,248,,Leafing Out,9408,,
X,Sedum 'Matrona',TRGA,8.32,9.93,0,Jun 1,,782,,
,Sedum Sunsparkler® 'Dream Dazzler',#1,6.29,7.38,26,,Retail Foliage,11153,,
,Sedum 'Xenox',TRGA,9.36,11.18,212,Jun 1,Retail Foliage,9972,,
,Sedum 'Weihenstephaner Gold',2QT,6.08,7.12,233,,Retail Foliage,6394,,
,Sedum reflexum 'Angelina',2QT,6.08,7.12,108,,Leafing Out,777,,
,Sedum sexangulare,2QT,6.08,7.12,364,,Leafing Out,787,,
,Sedum sieboldii,2QT,6.08,7.12,40,,Leafing Out,789,,
,Sedum spurium 'Fuldaglut',2QT,6.08,7.12,11,,Leafing Out,788,,
X,Sedum telephioides,#1,7.59,9.00,0,May 18,,9066,,
,Sempervivum 'Jade Rose',2QT,6.08,7.12,181,,Retail Foliage,5285,,
,Sempervivum 'Oddity',2QT,6.08,7.12,174,,Retail Foliage,8995,,
,Sempervivum 'Pacific Blue Ice',2QT,6.08,7.12,252,,Retail Foliage,11630,,
,Sempervivum 'Red Beauty',2QT,6.08,7.12,90,,Retail Foliage,5287,,
,Sempervivum 'Silver King',2QT,6.08,7.12,390,,Retail Foliage,8998,,
,Sempervivum arachnoideum,1QT,4.11,4.84,264,,Retail Foliage,10830,,
X,Sibbaldiopsis tridentata LE,2QT,7.44,8.79,0,May 11,,12076,,
,Silene 'Rollies Favorite',#1,6.29,7.38,290,,Retail Foliage,9028,,
,Silene 'Short and Sweet',#1,6.29,7.38,364,,Retail Foliage,8953,,
,Sisyrinchium angustifolium 'Lucerne',2QT,6.08,7.12,465,,Retail Foliage,801,,
X,Sisyrinchium angustifolium LE,TRAY 50,85.00,85.00,0,May 18,,12150,,
,Smilacina racemosa,2QT,8.48,10.04,252,Jul 27,Leafing Out,7021,,
,Solidago bicolor LE,#1,7.59,9.00,91,,Leafing Out,12084,,
,Solidago bicolor LE,TRAY 50,77.50,77.50,13,Jun 29,Ready,12254,,
X,Solidago caesia LE,#1,7.59,9.00,0,May 18,,11309,,
,Solidago caesia LE,TRAY 50,85.00,85.00,8,,READY,12206,,
X,Solidago flexicaulis LE,#1,7.59,9.00,0,Jun 8,,11542,,
,Solidago flexicaulis LE,TRAY 50,85.00,85.00,5,May 25,READY,12198,,
,Solidago nemoralis LE,#1,7.59,9.00,23,Jun 8,Leafing Out,11278,,
,Solidago nemoralis LE,TRAY 50,77.50,77.50,2,May 18,READY,12175,,
X,Solidago odora LE,TRAY 50,77.50,77.50,0,May 18,,12308,,
,Solidago rugosa LE,#1,7.59,9.00,262,Jun 8,Retail Foliage,11570,,
,Solidago rugosa 'Fireworks',#1,6.29,7.38,265,,Leafing Out,8801,,
,Solidago rugosa LE,TRAY 50,77.50,77.50,12,,Ready,12138,,
X,Solidago sempervirens LE,#1,7.59,9.00,0,Jun 8,,11443,,
,Solidago sempervirens LE,TRAY 50,85.00,85.00,19,Jun 29,READY,12143,,
,Spigelia 'Little Redhead',#1,9.83,11.60,411,,Emerging,11139,,
X,Stachys 'Silver Carpet',#1,6.29,7.38,0,May 11,,7810,,
X,Stachys 'Helene von Stein',#1,6.29,7.38,0,May 11,,7517,,
,Stachys minima,#1,6.29,7.38,41,,Retail Foliage,11447,,
,Stachys moieri 'Hummelo',#1,6.29,7.38,7,,Retail Foliage,9032,,
,Stachys 'Pink Cotton Candy',#1,6.29,7.38,31,Jun 8,Leafing Out,7809,,
,Stokesia laevis 'Omega Skyrocket',#1,7.59,9.00,14,May 11,Leafing Out,8019,,
X,Stokesia laevis 'Blue Danube',#1,7.59,9.00,0,May 11,,8263,,
,Stokesia laevis 'Colorwheel',#1,7.59,9.00,20,May 18,Leafing Out,11094,,
X,Stokesia laevis 'Divinity',#1,7.59,9.00,0,May 11,,8018,,
,Stylophorum diphyllum,#1,7.59,9.00,415,Jun 8,Retail Foliage,10305,,
,Symphyotrichum n.a. 'Purple Dome',#1,6.29,7.38,112,,Leafing Out,10034,,
,Symphyotrichum e. 'Schneegitter',2QT,6.08,7.12,570,,Retail Foliage,93,,
,Symphyotrichum 'Wood's Light Blue',#1,6.29,7.38,297,,Leafing Out,9500,,
,Symphyotrichum 'Wood's Pink',#1,6.29,7.38,333,,Leafing Out,9501,,
X,Symphyotrichum cordifolium LE,TRAY 50,77.50,77.50,0,Jun 29,,12199,,
,Symphyotrichum l. 'Blue Bird',#1,7.59,9.00,281,,Leafing Out,8007,,
,Symphyotrichum laeve LE,TRAY 50,85.00,85.00,13,Jun 29,Ready,12347,,
X,Symphyotrichum l. 'Lady in Black',#1,6.29,7.38,0,May 25,,11877,,
X,Symphyotrichum novae-angliae LE,#1,7.59,9.00,0,Jun 8,,11290,,
,Symphyotrichum novae-angliae LE,1QT,5.04,5.93,52,,Retail Foliage,12259,,
,Symphyotrichum novae-angliae LE,TRAY 50,77.50,77.50,15,Jun 29,READY,12132,,
X,Symphyotrichum novi-belgii LE,#1,7.59,9.00,0,Jun 8,,11258,,
,Symphyotrichum novi-belgii LE,TRAY 50,85.00,85.00,19,Jun 29,READY,12151,,
X,Symphyotrichum o. 'October Skies',#1,6.29,7.38,0,Jun 8,,10196,,
,Symphyotrichum o. 'Raydon's Favorite',#1,6.29,7.38,184,Jun 8,Small Looks Good,10197,,
,Symphyotrichum puniceum LE,TRAY 50,77.50,77.50,15,Jun 29,Ready,12353,,
,Teucrium chamaedrys,2QT,6.08,7.12,181,,Retail Foliage,819,,
,Thalictrum 'Black Stockings',#1,7.59,9.00,202,,Leafing Out,10441,,
,Thalictrum NIMBUS™ Pink,#1,8.68,10.30,275,,Leafing Out,11487,,
,Thalictrum flavum ssp. glaucum,#1,7.59,9.00,228,,Retail Foliage,10774,,
X,Thalictrum pubescens LE,#1,7.59,9.00,0,Jun 8,,11515,,
,Thalictrum pubescens LE,TRAY 50,90.00,90.00,3,,READY,12124,,
,Thalictrum rochebrunianum,#1,7.59,9.00,412,,Retail Foliage,9511,,
X,Thermopsis caroliniana,#1,8.68,10.30,0,Jun 22,,8786,,
,Thymus citriodorus,2QT,6.08,7.12,68,,Leafing Out,826,,
,Thymus praecox,"3 1/2""",4.00,4.78,550,,Retail Foliage,944,,
,Thymus praecox  'Albiflorus',"3 1/2""",4.00,4.78,348,,Retail Foliage,946,,
,Thymus 'Elfin',"3 1/2""",4.00,4.78,531,,Small Looks Good,8110,,
,Thymus 'Pseudolanuginosus',"3 1/2""",4.00,4.78,803,,Retail Foliage,945,,
,Tiarella cordifolia,1QT,4.11,4.84,2660,,Retail Foliage,832,,
,Tiarella cordifolia 'Oakleaf',2QT,7.44,8.79,296,,Bud & Bloom,831,,
,Tiarella cordifolia 'Running Tapestry',2QT,7.44,8.79,244,,Retail Foliage,833,,
,Tiarella 'Elizabeth Oliver',2QT,7.44,8.79,278,,Blooming,8230,,
,Tricyrtis 'Jim's Tall Towers',#1,7.59,9.00,154,,Leafing Out,9515,,
,Tricyrtis 'Sinonome',#1,7.59,9.00,225,,Leafing Out,9516,,
,Tricyrtis hirta 'Miyazaki',#1,7.59,9.00,151,,Leafing Out,9514,,
,Trollius 'Lemon Queen',#1,7.59,9.00,408,,Leafing Out,9517,,
,Trollius 'Golden Queen',#1,6.29,7.38,132,,Leafing Out,8371,,
,Trollius laxus,2QT,7.44,8.79,769,,Blooming,5293,,
X,Uvularia grandiflora,1QT,6.03,7.23,0,Jul 13,,852,,
,Uvularia grandiflora var. pallida,1QT,6.03,7.23,15,,Emerging,12146,,
,Uvularia sessilifolia,1QT,6.03,7.23,127,May 25,Emerging,853,,
,Vaccinium 'Burgundy',2QT,8.48,10.04,3265,,Budded,854,,
,Vaccinium 'Michigan',2QT,8.48,10.04,697,,Budded,855,,
,Vaccinium 'Putte',2QT,8.48,10.04,434,,Budded,856,,
,Vaccinium macrocarpon,2QT,8.48,10.04,4,,Small Looks Good,10051,,
,Verbascum 'Honey Dijon',#1,7.59,9.00,149,,Retail Foliage,9067,,
,Verbascum 'Sugar Plum',#1,7.59,9.00,191,,Retail Foliage,9068,,
,Verbascum chaixii,#1,6.29,7.38,194,,Leafing Out,10450,,
,Verbena hastata LE,#1,7.59,9.00,89,Jun 8,Retail Foliage,11313,,
,Verbena hastata LE,TRAY 50,85.00,85.00,3,May 18,READY,12144,,
,Verbesina alternifolia,#1,6.29,7.38,401,,Emerging,12192,,
,Vernonia Summer's Swan Song,#1,7.59,9.00,238,,Emerging,12217,,
,Vernonia 'Iron Butterfly',2QT,7.44,8.79,105,,Emerging,861,,
X,Vernonia noveboracensis,#1,7.59,9.00,0,Jun 8,,7852,,
,Veronica 'Blue Skywalker',#1,8.68,10.30,45,,Leafing Out,11762,,
,Veronica 'Lavender Lightsaber',#1,8.68,10.30,363,,Retail Foliage,11764,,
,Veronica 'Waterperry',2QT,6.08,7.12,637,,Leafing Out,870,,
,Veronica 'Marietta',#1,7.59,9.00,227,,Retail Foliage,11455,,
,Veronica oltensis,2QT,6.08,7.12,380,,Fair Foliage,7543,,
,Veronica pectinata,2QT,6.08,7.12,412,,Bud & Bloom,864,,
,Veronicastrum 'Fascination',#1,7.59,9.00,28,Jun 15,Leafing Out,7520,,
,Veronicastrum virginicum,#1,6.29,7.38,647,,Leafing Out,7846,,
,Vinca minor 'Alba',#1,6.29,7.38,710,,Leafing Out,7763,,
,Vinca minor 'Atropurpurea',#1,6.29,7.38,90,,Bud & Bloom,12014,,
X,Vinca minor 'Bowles',#1,6.29,7.38,0,May 11,,10767,,
,Vinca minor 'Ralph Shugert',#1,6.29,7.38,54,,Leafing Out,11043,,
X,Viola pedata,1QT,7.18,8.63,0,Jun 1,,881,,
,Viola pedata 'Eco Artist Palette',1QT,6.03,7.23,613,,Bud & Bloom,11850,,
,Viola riviniana v. purpurea,2QT,6.08,7.12,46,,Leafing Out,880,,
X,Viola walteri 'Silver Gem',2QT,6.08,7.12,0,Jun 1,,8053,,
X,Xanthorhiza simplicissima,2QT,8.48,10.04,0,Aug 31,,948,,
,Zizia aptera,2QT,7.44,8.79,639,,Bud & Bloom,7000,,
,Zizia aurea,2QT,7.44,8.79,449,,Budded,11825,,